contributor_reference,work_period_start,work_period_end,reconstructed_on,source_type,source_reference,project_or_asset,activity_category,activity_description,hours_low,hours_best,hours_high,reconstruction_method,confidence,review_status,review_note
PABLO-CAMACHO,2026-03-17,2026-03-31,2026-09-02,"founder statement + Git/GitHub","Founder statement of more than 12 hours/day; HISTORICAL_GIT_ACTIVITY_2026-03-17_2026-09-02.csv","SocialPro / PRE-CYPRUS baseline",mixed,"Product direction, software development, testing, operations and deployment",128.6,154.3,180.0,"Scenario range over 15 calendar days: 12h/day at 5, 6 or 7 days/week. Must be confirmed and split by activity; Git is corroboration only.",low,REQUIRES_CONTRIBUTOR_CONFIRMATION,"Not a contemporaneous time sheet; contains non-R&D activities and cannot be posted as cost without payroll/remuneration reconciliation"
PABLO-CAMACHO,2026-04-01,2026-04-30,2026-09-02,"founder statement + Git/GitHub","Founder statement of more than 12 hours/day; HISTORICAL_GIT_ACTIVITY_2026-03-17_2026-09-02.csv","SocialPro / PRE-CYPRUS baseline",mixed,"Product direction, software development, testing, operations and deployment",257.1,308.6,360.0,"Scenario range over 30 calendar days: 12h/day at 5, 6 or 7 days/week. Must be confirmed and split by activity; Git is corroboration only.",low,REQUIRES_CONTRIBUTOR_CONFIRMATION,"Not a contemporaneous time sheet; contains non-R&D activities and cannot be posted as cost without payroll/remuneration reconciliation"
PABLO-CAMACHO,2026-05-01,2026-05-31,2026-09-02,"founder statement + Git/GitHub","Founder statement of more than 12 hours/day; HISTORICAL_GIT_ACTIVITY_2026-03-17_2026-09-02.csv","SocialPro / PRE-CYPRUS baseline",mixed,"Product direction, software development, testing, operations and deployment",265.7,318.9,372.0,"Scenario range over 31 calendar days: 12h/day at 5, 6 or 7 days/week. Must be confirmed and split by activity; Git is corroboration only.",low,REQUIRES_CONTRIBUTOR_CONFIRMATION,"Not a contemporaneous time sheet; contains non-R&D activities and cannot be posted as cost without payroll/remuneration reconciliation"
PABLO-CAMACHO,2026-06-01,2026-06-30,2026-09-02,"founder statement + Git/GitHub","Founder statement of more than 12 hours/day; HISTORICAL_GIT_ACTIVITY_2026-03-17_2026-09-02.csv","SocialPro / PRE-CYPRUS baseline",mixed,"Product direction, software development, testing, operations and deployment",257.1,308.6,360.0,"Scenario range over 30 calendar days: 12h/day at 5, 6 or 7 days/week. Must be confirmed and split by activity; Git is corroboration only.",low,REQUIRES_CONTRIBUTOR_CONFIRMATION,"Not a contemporaneous time sheet; contains non-R&D activities and cannot be posted as cost without payroll/remuneration reconciliation"
PABLO-CAMACHO,2026-07-01,2026-07-31,2026-09-02,"founder statement + Git/GitHub","Founder statement of more than 12 hours/day; HISTORICAL_GIT_ACTIVITY_2026-03-17_2026-09-02.csv","SocialPro / PRE-CYPRUS baseline",mixed,"Product direction, software development, testing, operations and deployment",265.7,318.9,372.0,"Scenario range over 31 calendar days: 12h/day at 5, 6 or 7 days/week. Must be confirmed and split by activity; Git is corroboration only.",low,REQUIRES_CONTRIBUTOR_CONFIRMATION,"Not a contemporaneous time sheet; contains non-R&D activities and cannot be posted as cost without payroll/remuneration reconciliation"
PABLO-CAMACHO,2026-08-01,2026-08-31,2026-09-02,"founder statement + Git/GitHub","Founder statement of more than 12 hours/day; HISTORICAL_GIT_ACTIVITY_2026-03-17_2026-09-02.csv","SocialPro / PRE-CYPRUS baseline",mixed,"Product direction, software development, testing, operations and deployment",265.7,318.9,372.0,"Scenario range over 31 calendar days: 12h/day at 5, 6 or 7 days/week. Must be confirmed and split by activity; Git is corroboration only.",low,REQUIRES_CONTRIBUTOR_CONFIRMATION,"Not a contemporaneous time sheet; contains non-R&D activities and cannot be posted as cost without payroll/remuneration reconciliation"
PABLO-CAMACHO,2026-09-01,2026-09-02,2026-09-02,"founder statement + Git/GitHub","Founder statement of more than 12 hours/day; HISTORICAL_GIT_ACTIVITY_2026-03-17_2026-09-02.csv","SocialPro / PRE-CYPRUS baseline",mixed,"Product direction, software development, testing, operations and deployment",17.1,20.6,24.0,"Scenario range over 2 calendar days: 12h/day at 5, 6 or 7 days/week. Must be confirmed and split by activity; Git is corroboration only.",low,REQUIRES_CONTRIBUTOR_CONFIRMATION,"Opening September baseline only; not a monthly close"
LUIS-RECHE,2026-03-17,2026-05-11,2026-09-02,Git/GitHub,"HISTORICAL_GIT_ACTIVITY_2026-03-17_2026-09-02.csv","SocialPro / PRE-CYPRUS baseline",mixed,"Software contribution evidenced by commits and pull requests",,,,"No hours inferred from commits. Contributor must provide dated recollection, messages, calendar, deliverables and payment evidence before a defensible range can be recorded.",insufficient,REQUIRES_CONTRIBUTOR_CONFIRMATION,"Activity exists; duration, relationship, payer, remuneration and IP ownership remain unverified"
LUIS-RECHE,2026-07-29,2026-08-31,2026-09-02,Git/GitHub,"HISTORICAL_GIT_ACTIVITY_2026-03-17_2026-09-02.csv","SocialPro / PRE-CYPRUS baseline",mixed,"Additional software contribution evidenced by commits and pull requests",,,,"No hours inferred from commits. Contributor must provide dated recollection, messages, calendar, deliverables and payment evidence before a defensible range can be recorded.",insufficient,REQUIRES_CONTRIBUTOR_CONFIRMATION,"Activity exists; duration, relationship, payer, remuneration and IP ownership remain unverified"
